code,system
35208349,ICD10CM
35208349,ICD10CM
44832478,ICD10CM
44832478,ICD10CM
192675,ICD10CM
4135822,ICD10CM
192675,ICD10CM
4135822,ICD10CM
35208349,ICD10CM
35208349,ICD10CM
44832478,ICD10CM
44832478,ICD10CM
192675,ICD10CM
4135822,ICD10CM
192675,ICD10CM
4135822,ICD10CM
35208351,ICD10CM
35208351,ICD10CM
35208351,ICD10CM
35208351,ICD10CM
37017388,ICD10CM
37017388,ICD10CM
37017388,ICD10CM
37017388,ICD10CM
37399445,ICD10CM
37399445,ICD10CM
37399445,ICD10CM
37399445,ICD10CM
4003673,ICD10CM
4003673,ICD10CM
4003673,ICD10CM
4003673,ICD10CM
4046123,ICD10CM
4046123,ICD10CM
4046123,ICD10CM
4046123,ICD10CM
4059289,ICD10CM
4059289,ICD10CM
4059289,ICD10CM
4059289,ICD10CM
4292401,ICD10CM
4292401,ICD10CM
4292401,ICD10CM
4292401,ICD10CM